time_step,observed,predicted
104360,,54.39538369485082
104361,,56.039265673302175
104362,,57.68314765175353
104363,,59.32702963020488
104364,,60.97091160865624
104365,,62.61479358710759
104366,,64.25867556555895
104367,,65.9025575440103
104368,,67.54643952246167
104369,,69.19032150091303
