time_step,observed,predicted
104360,,43.774647498454755
104361,,43.774647498454755
104362,,43.774647498454755
104363,,43.774647498454755
104364,,43.774647498454755
104365,,43.774647498454755
104366,,43.774647498454755
104367,,43.774647498454755
104368,,43.774647498454755
104369,,43.774647498454755
